{"loss": 0.3312698006629944, "accuracy": 0.8819000124931335}