{"loss": 0.2955342233181, "accuracy": 0.8920000195503235}