{"loss": 0.3003261685371399, "accuracy": 0.8906000256538391}