{"loss": 0.31842532753944397, "accuracy": 0.8840000033378601}