{"loss": 0.44733232259750366, "accuracy": 0.8420000076293945}