{"loss": 0.312922865152359, "accuracy": 0.8881000280380249}