{"loss": 0.3017491400241852, "accuracy": 0.8921999931335449}