{"loss": 0.35144516825675964, "accuracy": 0.8744000196456909}