{"loss": 0.292947918176651, "accuracy": 0.8935999870300293}