{"loss": 0.30305275321006775, "accuracy": 0.8880000114440918}