{"loss": 0.31051015853881836, "accuracy": 0.8878999948501587}