{"loss": 0.2839961647987366, "accuracy": 0.8970999717712402}