{"loss": 0.3178410530090332, "accuracy": 0.8837000131607056}