epoch,loss,accuracy
1,0.6217620372772217,0.7799833416938782
2,0.4201676845550537,0.8532999753952026
3,0.37186571955680847,0.8681166768074036
