epoch,loss,accuracy
1,0.5965409278869629,0.7893333435058594
2,0.3962504267692566,0.8614333271980286
3,0.34863975644111633,0.8769500255584717
