epoch,loss,accuracy
1,0.6063557863235474,0.7844499945640564
2,0.4010266065597534,0.8595499992370605
3,0.34931111335754395,0.8775666952133179
