epoch,loss,accuracy
1,0.5159873366355896,0.8151166439056396
2,0.374189555644989,0.8640333414077759
3,0.3355777859687805,0.8773166537284851
