epoch,loss,accuracy
1,0.65413898229599,0.7696333527565002
2,0.4432469606399536,0.8455333113670349
3,0.38851553201675415,0.8646500110626221
4,0.356207937002182,0.8751000165939331
5,0.3289346694946289,0.8845333456993103
