epoch,loss,accuracy
1,0.7133957147598267,0.7364166378974915
2,0.593254566192627,0.7842000126838684
3,0.5658546686172485,0.7904333472251892
