epoch,loss,accuracy
1,0.7729345560073853,0.7317833304405212
2,0.5229327082633972,0.8153833150863647
3,0.46163055300712585,0.8364499807357788
