epoch,loss,accuracy
1,0.656676173210144,0.7706833481788635
2,0.4298502206802368,0.8506333231925964
3,0.3776509761810303,0.869700014591217
