epoch,loss,accuracy
1,0.589673638343811,0.7974500060081482
2,0.4010359048843384,0.8605499863624573
3,0.3514959514141083,0.8764333128929138
