epoch,loss,accuracy
1,0.6180753707885742,0.7885500192642212
2,0.39755186438560486,0.8618000149726868
3,0.3510145843029022,0.8777833580970764
