epoch,loss,accuracy
1,0.5637402534484863,0.8051333427429199
2,0.37723618745803833,0.8688333630561829
3,0.33653053641319275,0.8807166814804077
