epoch,loss,accuracy
1,0.6202661395072937,0.7847499847412109
2,0.4207085967063904,0.8544666767120361
3,0.3675500750541687,0.871233344078064
