epoch,loss,accuracy
1,0.7452611923217773,0.7415333390235901
2,0.4806198477745056,0.8340333104133606
3,0.41888827085494995,0.8554166555404663
