step	accuracy
0	0.7974500060081482
1	0.8605499863624573
2	0.8764333128929138
