step	accuracy
0	0.7696333527565002
1	0.8455333113670349
2	0.8646500110626221
3	0.8751000165939331
4	0.8845333456993103
