step	accuracy
0	0.7706833481788635
1	0.8506333231925964
2	0.869700014591217
