step	accuracy
0	0.7893333435058594
1	0.8614333271980286
2	0.8769500255584717
