step	accuracy
0	0.8151166439056396
1	0.8640333414077759
2	0.8773166537284851
