step	accuracy
0	0.7844499945640564
1	0.8595499992370605
2	0.8775666952133179
