step	accuracy
0	0.8051333427429199
1	0.8688333630561829
2	0.8807166814804077
