step	accuracy
0	0.7364166378974915
1	0.7842000126838684
2	0.7904333472251892
