step	accuracy
0	0.7847499847412109
1	0.8544666767120361
2	0.871233344078064
