step	accuracy
0	0.7799833416938782
1	0.8532999753952026
2	0.8681166768074036
