step	accuracy
0	0.7317833304405212
1	0.8153833150863647
2	0.8364499807357788
