step	accuracy
0	0.7415333390235901
1	0.8340333104133606
2	0.8554166555404663
