step	accuracy
0	0.7885500192642212
1	0.8618000149726868
2	0.8777833580970764
